name,user_id,steps,intensity,duration,calories,protein_grams,carb_grams,fat_grams,heart_rate,systolic_bp,diastolic_bp,bmi,goal,avg_daily_steps,avg_weekly_calories,avg_heart_rate,weekly_avg_steps,weekly_avg_calories,activity_to_rest_ratio,protein_to_carb_ratio,carb_to_fat_ratio
Alice,3d158bcd-aa60-4feb-8651-2208b4345610,10863,3,91,1990,53,315,57,83,95,83,28.2,cardio improvement,12815,13543.25,89.75,89705,13543.25,130.8795181,0.168253968,5.526315789
Bob,40af8df1-5506-4d48-ae28-35cee0c9852b,11178,7,78,1965,71,285,60,94,123,79,30.6,cardio improvement,12815,13543.25,89.75,89705,13543.25,118.9148936,0.249122807,4.75
Charlie,e0f1f641-9d86-4c7f-9d67-e73d5b9e8cf7,11807,5,100,1922,162,194,55,89,122,61,32.5,muscle gain,12815,13543.25,89.75,89705,13543.25,132.6629213,0.835051546,3.527272727
David,7ef6bd48-8e94-40fd-b2fb-cacd095f8124,17412,2,118,1862,109,220,60,93,91,75,33.6,endurance,12815,13543.25,89.75,89705,13543.25,187.2258065,0.495454545,3.666666667
